sku,product_title,variant_title,current_price,status
,L-Lysin Capsules,240 Capsules,0.00,DRAFT
2R-49NC-R697,MSM Powder,1 kg / Pouch,14.90,ACTIVE
Active_Lifestyle_Set_3,All Day Athlete Set,Default Title,64.53,ACTIVE
Agility_Set_3,Loosen Up Set,Default Title,57.33,ACTIVE
BJ-E223-8EKW,Moringa Oleifera Capsules Organic,270 Capsules,24.90,ACTIVE
Beauty_Set_3-0,Beauty Elixir Set,Default Title,73.53,ACTIVE
CP-DQMG-RVN9,Wild Yams + Zinc Capsules,120 Capsules,21.90,ACTIVE
CW-KVIN-V39Y,D-Mannose Powder,250G,20.90,ACTIVE
Daily_Vegan_Set,Daily Vegan Set,Default Title,55.70,DRAFT
Detox_Set_3,Deep Clean Set,Default Title,48.33,ACTIVE
Digestion_Health_Set_3,Happy Gutfeeling Set,Default Title,64.53,ACTIVE
Dreamcatcher_Set_3,Dream Catcher Set,Default Title,55.53,ACTIVE
Emotional_Balance_Set_3,Peace of Mind Set,Default Title,56.43,ACTIVE
Energy_Set_3,Full Battery Set,Default Title,50.13,ACTIVE
Everyday_Essentials_Set,Everyday Essentials Set,Default Title,55.70,DRAFT
General_Health_Set_3,All-Rounder Set,Default Title,55.53,ACTIVE
Gut_Flora_Set,Gut Flora Set,Default Title,64.53,DRAFT
Hormonal_Blanace_Set_3,Inner Center Set,Default Title,50.13,ACTIVE
Immune_System_Set_3,Shield Set,Default Title,60.03,ACTIVE
Menopause_Set,Menopause Set,Default Title,53.73,ACTIVE
Mental_Focus_Set_3,Clever Mind Set,Default Title,56.43,ACTIVE
NX-CVPF-VCEZ,Reishi Extract Capsules,120 Capsules,20.90,ACTIVE
Performance_Push_Set_3,Ready? Go! Set,Default Title,44.73,ACTIVE
Regeneration_Set_3,Reboot Set,Default Title,51.93,ACTIVE
Sunkissed-set,Sunkissed Set,Default Title,62.73,ACTIVE
TU-QNYD-JRRX,Tribulus Terrestris Extract Capsules,120 Capsules,18.90,ACTIVE
VI-ZU99-SZ0B,L-Tryptophan Capsules,120 Capsules,17.90,ACTIVE
VV-ALO-06,MSM Powder,1 kg / Container,17.90,ACTIVE
VV-VITA-02,Milk Thistle Extract Capsules,120 Capsules,17.90,ACTIVE
VV-VITA-101,Rhodiola Rosea Extract Capsules,120 Capsules,25.90,ACTIVE
VV-VITA-102,Ginkgo Biloba Extract Capsules,180 Capsules,19.90,ACTIVE
VV-VITA-104,Echinacea Purpurea Extract Capsules,120 Capsules,15.90,ACTIVE
VV-VITA-105,Panax Ginseng Extract Capsules,120 Capsules,17.90,ACTIVE
VV-VITA-106,Black Garlic Extract Capsules,120 Capsules,22.90,ACTIVE
VV-VITA-107,Ceylon Cinnamon Extract Capsules,120 Capsules,18.90,ACTIVE
VV-VITA-109,Liver Active Complex Capsules,90 Capsules,18.90,ACTIVE
VV-VITA-111,Colon Care Complex Capsules,120 Capsules,19.90,ACTIVE
VV-VITA-115,Pro Bio Junior Powder Organic,75 g,25.90,ACTIVE
VV-VITA-116,Natural Iodine Organic Capsules,180 Capsules,17.90,ACTIVE
VV-VITA-119,Magnesium + Potassium Capsules,180 Capsules,18.90,ACTIVE
VV-VITA-121,Female Harmony Complex Capsules,120 Capsules,21.90,ACTIVE
VV-VITA-122,Immu Pro Complex Capsules,120 Capsules,22.90,ACTIVE
VV-VITA-124,Natural Vitamin C Organic Capsules,180 Capsules,23.90,ACTIVE
VV-VITA-127,Saffron Extract Capsules,120 Capsules,24.90,ACTIVE
VV-VITA-129,Ginger Organic Capsules,120 Capsules,18.90,ACTIVE
VV-VITA-136,Light Legs Complex Capsules,120 Capsules,19.90,ACTIVE
VV-VITA-142,Prostaid Complex Capsules,180 Capsules,25.90,ACTIVE
VV-VITA-143,Vitamin B12 Plus Capsules,180 Capsules,20.90,ACTIVE
VV-VITA-146,Spirulina Tablets Organic,300 Tablets,19.90,ACTIVE
VV-VITA-151,Female Balance Complex Capsules,180 Capsules,23.90,ACTIVE
VV-VITA-153,Ashwagandha Capsules Organic,180 Capsules,19.90,ACTIVE
VV-VITA-155,Reishi Extract Capsules Organic,90 Capsules,20.90,ACTIVE
VV-VITA-157,Hawthorn Extract Capsules Organic,60 Capsules,13.90,ACTIVE
VV-VITA-158,Glucosamine Complex Capsules,180 Capsules,31.90,ACTIVE
VV-VITA-159,EAA Tablets,300 Tablets,25.90,ACTIVE
VV-VITA-160,L-Arginine Plus Capsules,180 Capsules,19.90,ACTIVE
VV-VITA-165,Resveratrol Plus Capsules,60 Capsules,28.90,ACTIVE
VV-VITA-166,Triphala Capsules Organic,180 Capsules,19.90,ACTIVE
VV-VITA-168,Sun Care Complex Capsules,180 Capsules,23.90,ACTIVE
VV-VITA-170,Vitamin B3 (Nicotinamide) Capsules,180 Capsules,18.90,ACTIVE
VV-VITA-171,Vision Care Complex Capsules,120 Capsules,27.90,ACTIVE
VV-VITA-172,Maitake Capsules Organic,60 Capsules,19.90,ACTIVE
VV-VITA-173,Lion's Mane Capsules Organic,60 Capsules,19.90,ACTIVE
VV-VITA-174,Olive Leaf Extract Capsules,90 Capsules,18.90,ACTIVE
VV-VITA-181,Sage Extract Capsules Organic,120 Capsules,17.90,ACTIVE
VV-VITA-183,Reflu-X Complex Capsules,120 Capsules,25.90,ACTIVE
VV-VITA-186,Chlorella Capsules Organic,180 Tablets,25.90,ACTIVE
VV-VITA-188,Stinging Nettle Capsules Organic,120 Capsules,17.90,ACTIVE
VV-VITA-189,Rosehip Capsules Organic,180 Capsules,21.90,ACTIVE
VV-VITA-190,Papaya Extract Capsules Organic,120 Capsules,19.90,ACTIVE
VV-VITA-197,Guggul Extract Capsules,120 Capsules,24.90,ACTIVE
VV-VITA-198,Bromelain Capsules,120 Capsules,19.90,ACTIVE
VV-VITA-199,St. John's Wort + Passion Flower Capsules Organic,90 Capsules,19.90,ACTIVE
VV-VITA-202,Multivitamin Junior Spray,25 ml,15.90,ACTIVE
VV-VITA-203,GABA Plus Capsules,120 Capsules,19.90,ACTIVE
VV-VITA-204,Devil's Claw Plus Capsules,120 Capsules,18.90,ACTIVE
VV-VITA-206,Artichoke Extract Capsules Organic,120 Capsules,17.90,ACTIVE
VV-VITA-207,Astragalus Extract Capsules Organic,120 Capsules,19.90,ACTIVE
VV-VITA-208,Horse Chestnut Capsules Organic,120 Capsules,19.90,ACTIVE
VV-VITA-215,Horsetail Extract Capsules Organic,90 Capsules,18.90,ACTIVE
VV-VITA-216,Kudzu Plus Capsules,180 Capsules,19.90,ACTIVE
VV-VITA-222,Black Cumin Seed Oil Capsules Organic,180 Capsules,23.90,ACTIVE
VV-VITA-223,Omega 3 Oil Capsules,90 Capsules,23.90,ACTIVE
VV-VITA-224,Vegan Essentials Complex Capsules,120 Capsules,19.90,ACTIVE
VV-VITA-225,Shilajit Extract Capsules,90 Capsules,20.90,ACTIVE
VV-VITA-227,Evening Primrose Oil & Borage Seed Capsules Organic,90 Capsules,20.90,ACTIVE
VV-VITA-228,Vitamin D3 + K2 Oil Capsules,120 Capsules,22.90,ACTIVE
VV-VITA-230,Berberine Plus Capsules,90 Capsules,25.90,ACTIVE
VV-VITA-231,Myo-Inositol Complex Capsules,120 Capsules,26.90,ACTIVE
VV-VITA-236,Maca Extrakt,Default Title,0.00,ARCHIVED
VV-VITA-237,Choline Trio Capsules,90 Capsules,19.90,ACTIVE
VV-VITA-243,Multi Magnesium Complex Capsules,180 Capsules,21.90,ACTIVE
VV-VITA-247,Astaxanthin Oil Capsules,60 Capsules,19.90,ACTIVE
VV-VITA-248,Oregano Oil Capsules Organic,90 Capsules,23.90,ACTIVE
VV-VITA-249,Saccharomyces Boulardii Capsules,90 Capsules,23.90,ACTIVE
VV-VITA-250,Brahmi Tablets Organic,180 Tablets,17.90,ACTIVE
VV-VITA-252,Shiitake Extract Capsules,120 Capsules,22.90,ACTIVE
VV-VITA-256,Pumpkin Seed Oil Capsules Organic,180 Capsules,22.90,ACTIVE
VV-VITA-257,Lecithin Oil Capsules Organic,120 Capsules,26.90,ACTIVE
VV-VITA-258,Flaxseed Oil Capsules Organic,120 Capsules,18.90,ACTIVE
VV-VITA-259,Mushroom Mix Complex Capsules,120 Capsules,25.90,ACTIVE
VV-VITA-262,Bilberry & Pine Bark Extracts Capsules Organic,90 Capsules,19.90,ACTIVE
VV-VITA-264,Mugwort Extract Capsules,180 Capsules,25.90,ACTIVE
VV-VITA-265,Ginkgo + Ginseng Extract Capsules,120 Capsules,23.90,ACTIVE
VV-VITA-266,Moringa Oleifera Tablets Organic,180 Tablets,19.90,ACTIVE
VV-VITA-274,Cysti-Aid Capsules,120 Capsules,22.90,ACTIVE
VV-VITA-276,Venaflux Complex Capsules,120 Capsules,24.90,ACTIVE
VV-VITA-277,Vitamin B12 Junior Spray,25 ml,12.90,ACTIVE
VV-VITA-284,Chaga Extract Capsules Organic,90 Capsules,23.90,ACTIVE
VV-VITA-286,Saw palmetto + Pygeum africanum Extracts Capsules,90 Capsules,21.90,ACTIVE
VV-VITA-287,Natural Silicium Capsules Organic,120 Capsules,19.90,ACTIVE
VV-VITA-294,Artichoke and Black Radish Extracts Capsules Organic,Default Title,25.90,ARCHIVED
VV-VITA-295,Sugar Balance Complex Capsules,120 Capsules,23.90,ACTIVE
VV-VITA-297,Beta Carotene Plus Oil Capsules,120 Capsules,19.90,ACTIVE
VV-VITA-298,Black Maca + Tribulus Capsules,120 Capsules,22.90,ACTIVE
VV-VITA-301,ZMA Capsules: Zinc + Magnesium + Vitamin B6,120 Capsules,19.90,ACTIVE
VV-VITA-303,Drenaflux Complex Capsules,120 Capsules,19.90,ACTIVE
VV-VITA-304,Folate Capsules,120 Capsules,14.90,ACTIVE
VV-VITA-307,Vitamin B3 Capsules,180 Capsules,14.90,ACTIVE
VV-VITA-308,Digestive Enzymes Complex Capsules,180 Capsules,25.90,ACTIVE
VV-VITA-31,Papaya Enzyme Capsules,120 Capsules,21.90,ACTIVE
VV-VITA-310,Bergamot Extract Capsules,120 Capsules,24.90,ACTIVE
VV-VITA-311,NAC Capsules,180 Capsules,19.90,ACTIVE
VV-VITA-313,Boswellia Extract Capsules,120 Capsules,18.90,ACTIVE
VV-VITA-314,Glycine Powder,1 kg,21.90,ACTIVE
VV-VITA-316,Ceylon Cinnamon Extract Capsules Organic,120 Capsules,19.90,ACTIVE
VV-VITA-317,Citrulline Plus Capsules,150 Capsules,19.90,ACTIVE
VV-VITA-318,Garlic Plus Capsules,90 Capsules,18.90,ACTIVE
VV-VITA-319,Chia Seed Oil Capsules Organic,120 Capsules,19.90,ACTIVE
VV-VITA-320,Vollagen + Hyaluronic Acid Complex Capsules,120 Capsules,26.90,ACTIVE
VV-VITA-322,Potassium Capsules,Default Title,0.00,DRAFT
VV-VITA-326,Griffonia Plus Capsules,90 Capsules,24.90,ACTIVE
VV-VITA-327,L-Carnitine Plus Capsules,120 Capsules,22.90,ARCHIVED
VV-VITA-329,Liposomal Vitamin C Capsules,120 Capsules,19.90,ACTIVE
VV-VITA-331,Nootropic Pro Complex Capsules,90 Capsules,19.90,ARCHIVED
VV-VITA-332,Men Multivitamin Complex Capsules,Default Title,21.90,ARCHIVED
VV-VITA-333,Electrolyte Plus Capsules,120 Capsules,19.90,ACTIVE
VV-VITA-335,Brahmi + Hericium Capsules Organic,Default Title,19.90,ARCHIVED
VV-VITA-336,Devil's Claw Extract Capsules Organic,90 Capsules,19.90,ACTIVE
VV-VITA-337,Rocket Complex Capsules,60 Capsules,22.90,ARCHIVED
VV-VITA-338,Turmeric Capsules Organic,120 Capsules,19.90,ACTIVE
VV-VITA-339,L-Tyrosine Plus Capsules,180 Capsules,19.90,ACTIVE
VV-VITA-340,Milk Thistle Plus Capsules,120 Capsules,19.90,ACTIVE
VV-VITA-341,Vitamin B12 Drops,50 ml,15.90,ACTIVE
VV-VITA-342,Vitamin D3 + K2 Drops,31.5 ml,21.90,ACTIVE
VV-VITA-343,Clorophyll Drops,60 ml,19.90,ARCHIVED
VV-VITA-344,Ashwagandha KSM-66 Extract Capsules Organic,180 Capsules,24.90,ACTIVE
VV-VITA-345,Serenity Complex Capsules,90 Capsules,24.90,ACTIVE
VV-VITA-346,Chromium Plus Capsules,90 Capsules,13.90,ACTIVE
VV-VITA-347,B-Active Complex Capsules,90 Capsules,11.90,ACTIVE
VV-VITA-348,Vegan Pregnancy Complex Capsules,Default Title,22.90,ARCHIVED
VV-VITA-349,Fenugreek Capsules Organic,120 Capsules,16.90,ACTIVE
VV-VITA-350,FenoLact Complex Capsules,90 Capsules,17.90,ARCHIVED
VV-VITA-351,Cordyceps Sinensis Extract Capsules Organic,60 Capsules,19.90,ACTIVE
VV-VITA-352,Omega 3 + ADEK Oil Capsules,60 Capsules,22.90,ACTIVE
VV-VITA-354,Mushroom Complex Capsules Organic,90 Capsules,21.90,ACTIVE
VV-VITA-355,L-Glutathione Complex Capsules,90 Capsules,22.90,ACTIVE
VV-VITA-356,Black Maca Plus Capsules,120 Capsules,17.90,ACTIVE
VV-VITA-357,Taurine Plus Capsules,90 Capsules,18.90,ACTIVE
VV-VITA-358,OPC Trio Capsules,120 Capsules,18.90,ARCHIVED
VV-VITA-359,Red Yeast Rice Plus Capsules,120 Capsules,18.90,ACTIVE
VV-VITA-360,Caffeine Capsules,120 Capsules,13.90,ACTIVE
VV-VITA-361,Rapunzel Complex Capsules,120 Capsules,16.90,ACTIVE
VV-VITA-362,Echinacea Plus Capsules,120 Capsules,19.90,ACTIVE
VV-VITA-363,Apple Cider Vinegar Complex Capsules,120 Capsules,16.90,ACTIVE
VV-VITA-364,Astaxanthin Oil Capsules Organic,60 Capsules,21.90,ACTIVE
VV-VITA-365,Apple Cider Vinegar Gummies,90 Gummies,14.90,ACTIVE
VV-VITA-366,Iron Gummies,90 Gummies,14.90,ACTIVE
VV-VITA-367,Creatine Monohydrate Powder,500 g,17.90,ACTIVE
VV-VITA-368,L-Glutamine Powder,500 g,17.90,ACTIVE
VV-VITA-369,Glucomannan Capsules Organic,90 Capsules,17.90,ACTIVE
VV-VITA-370,Magnesium Bisglycinate Capsules,180 Capsules,17.90,ACTIVE
VV-VITA-371,Nattokinase Capsules,180 Capsules,15.90,ACTIVE
VV-VITA-372,Vitamin D3 + K2 Depot Tablets,90 Tablets,18.90,ACTIVE
VV-VITA-373,Keto Power Complex Capsules,60 Capsules,14.90,ARCHIVED
VV-VITA-374,Psyllium Husks Organic,400 g,19.90,ACTIVE
VV-VITA-375,Strong Bones Complex Tablets,180 Tablets,16.90,ACTIVE
VV-VITA-376,Griffonia Extract (5-HTP) Capsules,90 Capsules,15.90,ACTIVE
VV-VITA-377,Choline Bitartrate Capsules,120 Capsules,15.90,ACTIVE
VV-VITA-378,Brewer's Yeast Capsules,120 Capsules,12.90,ACTIVE
VV-VITA-379,Glucosamine Plus Capsules,120 Capsules,17.90,ACTIVE
VV-VITA-38,Vitamin B Plus Tablets,180 Tablets,18.90,ACTIVE
VV-VITA-380,Party Hero Complex Tablets,60 Tablets,13.90,ACTIVE
VV-VITA-381,Myo-Inositol Powder,200 g,15.90,ACTIVE
VV-VITA-382,Taurine Powder,1 kg,18.90,ACTIVE
VV-VITA-383,Vitamin K2 Tablets,180 Tablets,17.90,ACTIVE
VV-VITA-384,Beta Alanine Powder,500 g,13.90,ACTIVE
VV-VITA-385,Evening Primrose Oil Capsules,120 Capsules,16.90,ACTIVE
VV-VITA-386,Femme Biotics Capsules,60 Capsules,21.90,ACTIVE
VV-VITA-387,Youth Biotics Capsules,60 Capsules,25.90,ACTIVE
VV-VITA-388,Glycine Powder,300 g,10.90,ACTIVE
VV-VITA-389,Prosta-X Complex Capsules,180 Capsules,23.90,ACTIVE
VV-VITA-39,D-Mannose Complex Capsules,120 Capsules,22.90,ACTIVE
VV-VITA-390,L-Citrulline Malate Powder,500 g,19.90,ACTIVE
VV-VITA-391,Quercetin Complex Capsules,120 Capsules,19.90,ACTIVE
VV-VITA-392,GABA Capsules,90 Capsules,15.90,ACTIVE
VV-VITA-393,BCAA Powder Mango,450 g,20.90,ACTIVE
VV-VITA-394,EAA Powder Peach,400 g,20.90,ACTIVE
VV-VITA-395,Zinc Bisglycinate Capsules,300 Capsules,19.90,ACTIVE
VV-VITA-398,Multivitamin Junior Gummies,60 Gummies,13.90,ACTIVE
VV-VITA-399,Glucomannan Complex Capsules,180 Capsules,24.90,ACTIVE
VV-VITA-400,Keto Power Complex Capsules,90 Capsules,19.90,ACTIVE
VV-VITA-401,Vitex Agnus-Castus Capsules,240 Capsules,19.00,ACTIVE
VV-VITA-402,Un-Bloat Capsules,120 Capsules,24.90,ACTIVE
VV-VITA-403,Magnesium Citrate Powder,500 g,19.90,ACTIVE
VV-VITA-404,Sage Extract Capsules,120 Capsules,18.90,ACTIVE
VV-VITA-405,Vitamin B12 Tablets,180 Tablets,15.90,ACTIVE
VV-VITA-406,Vitamin B12 Tablets non DE,180 Tablets,0.00,DRAFT
VV-VITA-407,Green Supreme Complex Powder,270 g,27.90,ACTIVE
VV-VITA-408,Gut Routine Powder,300 g,24.90,ACTIVE
VV-VITA-409,Magnesium Citrate Capsules,180 Capsules,18.90,ACTIVE
VV-VITA-410,OPC Capsules,240 Capsules,25.90,ACTIVE
VV-VITA-411,Digestive Enzymes Pro Capsules,120 Capsules,22.90,ACTIVE
VV-VITA-412,Lactase Tablets,180 Tablets,19.90,ACTIVE
VV-VITA-413,Q10 Capsules,120 Capsules,27.90,ACTIVE
VV-VITA-414,Hericium Capsules,180 Capsules,26.90,ACTIVE
VV-VITA-415,PMS Capsules,120 Capsules,24.90,ACTIVE
VV-VITA-416,Calcium Capsules,180 Capsules,0.00,DRAFT
VV-VITA-417,Omega 3 Gummies,60 Gummies,24.90,ACTIVE
VV-VITA-418,Folate Tablets,240 Tablets,0.00,DRAFT
VV-VITA-419,L-Lysin Capsules,240 Capsules,0.00,DRAFT
VV-VITA-420,Shilajit Complex Capsules,90 Capsules,0.00,DRAFT
VV-VITA-421,Shilajit Resin,30 g,0.00,DRAFT
VV-VITA-422,Protein Chocolate Powder,600 g,0.00,DRAFT
VV-VITA-423,Protein Vanilla Powder,600 g,0.00,DRAFT
VV-VITA-424,Vitamin B6 Tablets,365 Tablets,0.00,DRAFT
VV-VITA-425,Pre-Workout Powder,350 g,0.00,DRAFT
VV-VITA-426,Hydration Powder,390 g,0.00,DRAFT
VV-VITA-427,Creatine Gummies,90 Gummies,0.00,DRAFT
VV-VITA-46,Multivitamin Plus Capsules,120 Capsules,19.90,ACTIVE
VV-VITA-49,Iron Bisglycinate Capsules,120 Capsules,18.90,ACTIVE
VV-VITA-50,Colla-Veg Complex Capsules,120 Capsules,19.90,ACTIVE
VV-VITA-57-V,Hyaluronic Acid Capsules,180 Capsules,38.90,ACTIVE
VV-VITA-57-V2,Hyaluronic Acid Capsules,90 Capsules,23.90,ACTIVE
VV-VITA-63,Cordyceps Sinensis Extract Capsules,120 Capsules,22.90,ACTIVE
VV-VITA-86,MSM Capsules,365 Capsules,19.90,ACTIVE
VV-VITA-88,Chlorella & Spirulina Capsules Organic,240 Capsules,23.90,ACTIVE
VV-VITA-90,Beta Carotene Capsules,180 Capsules,20.90,ACTIVE
VV-VITA-93,Vitamin B12 Spray,25 ml,16.90,ACTIVE
VV-VITA-94,Pro Bio Capsules Organic,60 Capsules,25.90,ACTIVE
VV-VITA-99,Vitamin D3 + K2 Spray,Default Title,0.00,ARCHIVED
Vegan_Basics_Set_3,Everyday Vegan Set,Default Title,63.63,ACTIVE
Vitality_Set_3,Fountain of Youth Set,Default Title,62.73,ACTIVE
femtastic_set,Femtastic Set,Default Title,58.23,UNLISTED
kind-T01-V001,test titel vom produkt,100 stück,0.00,DRAFT
xxxxx-variant-test,xxxx TEST,50 Capsules,22.90,DRAFT
