sku,lost_revenue,lost_units,unrealized_revenue,oos_days,blocked_days,actual_revenue,lam,stock_now,reach_now,category_now,product_title,variant_title
VV-VITA-231,18586.73,781.39,0.00,137,0,39841.31,12.00,5352.00,492.95,In stock,Myo-Inositol Complex Capsules,120 Capsules
VV-VITA-243,13609.68,805.40,783.15,129,11,19976.78,8.24,8341.00,915.87,In stock,Multi Magnesium Complex Capsules,180 Capsules
VV-VITA-381,13120.99,949.58,432.20,147,6,17185.57,9.42,-10.00,-1.79,Physical,Myo-Inositol Powder,200 g
VV-VITA-46,12964.88,753.94,247.81,189,4,5393.82,3.95,3103.00,725.38,In stock,Multivitamin Plus Capsules,120 Capsules
VV-VITA-228,11957.83,593.23,621.29,129,8,15296.94,4.23,2957.00,890.28,In stock,Vitamin D3 + K2 Oil Capsules,120 Capsules
VV-VITA-106,9622.17,513.11,4306.54,185,52,7725.66,2.07,-10.00,-3.89,Physical,Black Garlic Extract Capsules,120 Capsules
VV-VITA-230,8393.05,389.52,0.00,172,0,5270.34,2.71,0.00,0.00,Physical,Berberine Plus Capsules,90 Capsules
VV-VITA-352,6369.35,330.32,0.00,133,0,4920.97,1.53,837.00,651.00,In stock,Omega 3 + ADEK Oil Capsules,60 Capsules
TU-QNYD-JRRX,6071.08,493.82,10483.32,58,107,20386.34,2.51,672.00,186.67,In stock,Tribulus Terrestris Extract Capsules,120 Capsules
VV-VITA-355,5661.69,286.76,73.78,107,1,9445.94,3.74,6334.00,1380.49,In stock,L-Glutathione Complex Capsules,90 Capsules
VV-VITA-224,5426.56,310.09,493.37,114,4,13454.89,5.14,-5.00,-1.40,Physical,Vegan Essentials Complex Capsules,120 Capsules
VV-VITA-127,4729.33,233.06,295.80,146,4,9001.58,3.75,3392.00,931.14,In stock,Saffron Extract Capsules,120 Capsules
VV-VITA-172,4645.85,315.55,2734.59,85,37,5537.68,1.58,152.00,109.44,In stock,Maitake Capsules Organic,60 Capsules
VV-VITA-287,4432.61,258.52,283.71,144,5,5139.69,2.14,1008.00,613.57,In stock,Natural Silicium Capsules Organic,120 Capsules
VV-VITA-155,3826.56,225.04,185.57,78,3,9275.38,3.18,709.00,211.19,In stock,Reishi Extract Capsules Organic,90 Capsules
VV-VITA-311,3813.60,222.69,0.00,107,0,8256.11,3.03,-9.00,-3.00,Physical,NAC Capsules,180 Capsules
VV-VITA-223,3734.87,181.48,94.26,43,1,53122.74,13.16,337.00,28.86,In stock,Omega 3 Oil Capsules,90 Capsules
VV-VITA-86,3655.14,203.57,0.00,156,0,3257.47,1.35,-10.00,-4.67,Physical,MSM Capsules,365 Capsules
VV-VITA-329,3531.37,196.65,1053.18,106,15,9350.87,2.86,5026.00,2606.07,In stock,Liposomal Vitamin C Capsules,120 Capsules
VV-VITA-372,3380.61,202.78,0.00,137,0,2747.47,0.84,3096.00,4562.53,In stock,Vitamin D3 + K2 Depot Tablets,90 Tablets
VV-VITA-197,3333.51,189.47,37744.18,25,162,48948.52,6.95,36.00,5.49,In stock,Guggul Extract Capsules,120 Capsules
VV-VITA-203,3203.93,189.24,99.27,74,2,8983.66,2.57,217.00,67.17,In stock,GABA Plus Capsules,120 Capsules
VV-VITA-256,3101.49,150.35,0.00,112,0,7761.34,2.11,3868.00,1310.13,In stock,Pumpkin Seed Oil Capsules Organic,180 Capsules
VV-VITA-102,3067.77,178.41,0.00,166,0,1313.63,0.81,846.00,1903.50,In stock,Ginkgo Biloba Extract Capsules,180 Capsules
VV-VITA-390,2975.40,153.50,0.00,161,0,577.81,0.65,379.00,842.22,In stock,L-Citrulline Malate Powder,500 g
VV-VITA-222,2932.90,137.46,1341.92,85,17,11173.35,2.81,664.00,195.71,In stock,Black Cumin Seed Oil Capsules Organic,180 Capsules
VV-VITA-356,2841.40,184.55,0.00,88,0,4692.36,1.93,-11.00,-9.62,Physical,Black Maca Plus Capsules,120 Capsules
VV-VITA-88,2734.60,125.37,0.00,118,0,4021.47,1.27,136.00,119.00,In stock,Chlorella & Spirulina Capsules Organic,240 Capsules
VV-VITA-364,2700.75,134.93,1325.29,40,12,29924.91,8.00,342.00,40.07,In stock,Astaxanthin Oil Capsules Organic,60 Capsules
VV-VITA-183,2554.80,111.21,0.00,93,0,5436.26,1.08,70.00,81.67,In stock,Reflu-X Complex Capsules,120 Capsules
VV-VITA-216,2521.39,139.27,0.00,59,0,3371.64,1.22,98.00,114.33,In stock,Kudzu Plus Capsules,180 Capsules
VV-VITA-310,2502.43,127.03,0.00,69,0,6923.85,2.34,80.00,35.56,In stock,Bergamot Extract Capsules,120 Capsules
VV-VITA-50,2352.17,136.98,0.00,73,0,6561.77,2.43,329.00,107.28,In stock,Colla-Veg Complex Capsules,120 Capsules
VV-VITA-308,2309.66,108.58,0.00,66,0,5734.12,1.32,580.00,504.35,In stock,Digestive Enzymes Complex Capsules,180 Capsules
VV-VITA-159,2279.69,114.59,1898.09,55,30,14052.59,3.52,-3.00,-1.08,Physical,EAA Tablets,300 Tablets
VV-VITA-173,2278.14,143.88,445.04,67,8,6605.40,2.26,2061.00,1881.78,In stock,Lion's Mane Capsules Organic,60 Capsules
VV-VITA-249,2195.33,113.49,278.13,62,5,6311.07,2.48,1306.00,546.70,In stock,Saccharomyces Boulardii Capsules,90 Capsules
VV-VITA-142,2172.48,104.31,0.00,66,0,8979.56,1.46,0.00,0.00,Physical,Prostaid Complex Capsules,180 Capsules
VV-VITA-341,2126.52,148.65,0.00,59,0,6696.76,2.56,0.00,0.00,Physical,Vitamin B12 Drops,50 ml
VV-VITA-122,2047.82,102.88,0.00,118,0,3436.96,1.09,1172.00,1654.59,In stock,Immu Pro Complex Capsules,120 Capsules
VV-VITA-186,2015.20,97.71,0.00,96,0,1881.60,1.36,-20.00,-46.67,Physical,Chlorella Capsules Organic,180 Tablets
VV-VITA-49,1973.92,117.60,311.40,65,6,8740.82,2.99,0.00,0.00,Physical,Iron Bisglycinate Capsules,120 Capsules
VV-VITA-286,1969.59,104.73,0.00,83,0,2906.01,1.44,54.00,45.82,In stock,Saw palmetto + Pygeum africanum Extracts Capsules,90 Capsules
VV-VITA-107,1831.68,130.24,3587.70,42,66,3962.43,3.57,312.00,66.86,Listing blocked,Ceylon Cinnamon Extract Capsules,120 Capsules
VV-VITA-276,1827.46,90.62,226.16,32,3,14736.72,4.87,-3.00,-0.53,Physical,Venaflux Complex Capsules,120 Capsules
VV-VITA-38,1822.31,132.34,0.00,75,0,4994.53,2.16,654.00,381.50,In stock,Vitamin B Plus Tablets,180 Tablets
VV-VITA-367,1802.18,117.93,260.60,58,5,6898.76,3.33,1049.00,349.67,In stock,Creatine Monohydrate Powder,500 g
VV-VITA-297,1758.98,106.87,0.00,58,0,3217.31,1.85,0.00,0.00,Physical,Beta Carotene Plus Oil Capsules,120 Capsules
VV-VITA-124,1652.90,84.67,169.10,36,3,9884.10,2.19,276.00,179.72,In stock,Natural Vitamin C Organic Capsules,180 Capsules
VV-VITA-366,1642.41,126.06,0.00,104,0,2199.04,1.36,681.00,413.46,In stock,Iron Gummies,90 Gummies
VV-VITA-301,1632.23,100.36,0.00,53,0,5853.46,1.53,494.00,628.73,In stock,ZMA Capsules: Zinc + Magnesium + Vitamin B6,120 Capsules
VV-VITA-262,1541.69,104.24,0.00,124,0,1572.94,2.25,88.00,60.21,In stock,Bilberry & Pine Bark Extracts Capsules Organic,90 Capsules
VV-VITA-339,1476.04,84.17,0.00,53,0,4825.90,1.50,-10.00,-7.14,Physical,L-Tyrosine Plus Capsules,180 Capsules
VV-VITA-357,1475.45,84.78,0.00,75,0,887.59,1.21,-10.00,-7.78,Physical,Taurine Plus Capsules,90 Capsules
VV-VITA-336,1443.33,84.03,0.00,65,0,2387.15,1.20,1167.00,1098.35,In stock,Devil's Claw Extract Capsules Organic,90 Capsules
VV-VITA-304,1286.43,98.85,0.00,57,0,4357.75,1.76,4133.00,2893.10,In stock,Folate Capsules,120 Capsules
VV-VITA-146,1199.20,78.67,0.00,59,0,4355.11,1.22,1859.00,1774.50,In stock,Spirulina Tablets Organic,300 Tablets
CP-DQMG-RVN9,1193.85,63.26,0.00,56,0,1745.27,0.84,564.00,564.00,In stock,Wild Yams + Zinc Capsules,120 Capsules
VV-VITA-250,1124.19,64.29,0.00,74,0,2410.82,1.24,2704.00,3536.00,In stock,Brahmi Tablets Organic,180 Tablets
VV-VITA-345,1090.43,53.13,0.00,63,0,3821.51,1.18,237.00,321.64,In stock,Serenity Complex Capsules,90 Capsules
VV-VITA-257,1086.33,46.04,0.00,62,0,7764.98,2.06,626.00,438.20,In stock,Lecithin Oil Capsules Organic,120 Capsules
VV-VITA-313,1040.27,60.41,0.00,63,0,5302.56,1.70,3.00,2.15,In stock,Boswellia Extract Capsules,120 Capsules
VV-VITA-317,1035.49,57.79,0.00,56,0,4199.98,1.60,3557.00,4393.94,In stock,Citrulline Plus Capsules,150 Capsules
VV-VITA-320,1006.12,52.80,946.80,9,10,33376.31,6.32,6854.00,994.36,Listing blocked,Vollagen + Hyaluronic Acid Complex Capsules,120 Capsules
VV-VITA-158,1003.31,42.32,0.00,19,0,13910.85,2.86,803.00,312.28,In stock,Glucosamine Complex Capsules,180 Capsules
VV-VITA-391,996.24,50.22,1083.25,48,18,5783.89,1.92,33.00,34.22,In stock,Quercetin Complex Capsules,120 Capsules
VV-VITA-206,994.08,64.53,0.00,60,0,2266.64,1.37,1698.00,936.83,In stock,Artichoke Extract Capsules Organic,120 Capsules
VV-VITA-208,872.94,55.16,0.00,20,0,8324.96,2.73,-6.00,-1.17,Physical,Horse Chestnut Capsules Organic,120 Capsules
VV-VITA-382,862.90,51.57,0.00,93,0,1959.44,0.99,368.00,630.86,In stock,Taurine Powder,1 kg
VV-VITA-237,830.34,51.16,1148.55,27,23,9145.25,3.19,128.00,47.79,In stock,Choline Trio Capsules,90 Capsules
VV-VITA-298,815.27,44.37,0.00,35,0,5837.02,1.65,2046.00,1736.00,In stock,Black Maca + Tribulus Capsules,120 Capsules
VV-VITA-252,775.29,40.16,0.00,42,0,3599.81,1.03,107.00,90.54,In stock,Shiitake Extract Capsules,120 Capsules
VV-VITA-351,702.72,40.29,0.00,41,0,2050.69,1.16,-10.00,-11.67,Physical,Cordyceps Sinensis Extract Capsules Organic,60 Capsules
VV-VITA-174,664.52,39.18,0.00,43,0,1472.89,0.50,92.00,286.22,In stock,Olive Leaf Extract Capsules,90 Capsules
VV-VITA-111,652.13,38.03,0.00,41,0,2604.40,0.49,816.00,2284.80,In stock,Colon Care Complex Capsules,120 Capsules
VV-VITA-386,644.24,32.81,0.00,59,0,2487.35,0.68,1070.00,1070.00,In stock,Femme Biotics Capsules,60 Capsules
VV-VITA-407,625.66,40.47,0.00,24,0,3006.71,2.74,137.00,166.36,In stock,Green Supreme Complex Powder,270 g
VV-VITA-204,620.82,40.48,0.00,49,0,1610.05,0.62,49.00,91.00,In stock,Devil's Claw Plus Capsules,120 Capsules
VV-VITA-119,596.24,35.39,0.00,46,0,5595.90,2.04,250.00,145.83,In stock,Magnesium + Potassium Capsules,180 Capsules
VV-VITA-248,577.60,26.36,0.00,38,0,9132.12,1.50,8971.00,6788.86,In stock,Oregano Oil Capsules Organic,90 Capsules
VV-VITA-93,567.51,40.66,0.00,24,0,4577.63,1.62,104.00,65.00,In stock,Vitamin B12 Spray,25 ml
VV-VITA-94,546.73,24.53,64.25,10,1,14272.96,2.24,403.00,226.69,In stock,Pro Bio Capsules Organic,60 Capsules
VV-VITA-151,546.46,25.84,0.00,23,0,9747.52,1.78,5728.00,2673.07,In stock,Female Balance Complex Capsules,180 Capsules
VV-VITA-57-V,538.39,15.92,0.00,18,0,6490.63,0.83,543.00,638.82,In stock,Hyaluronic Acid Capsules,180 Capsules
VV-VITA-215,518.10,31.46,0.00,25,0,4857.21,1.65,57.00,31.92,In stock,Horsetail Extract Capsules Organic,90 Capsules
VV-VITA-199,502.85,27.59,0.00,35,0,3193.97,0.81,470.00,506.15,In stock,St. John's Wort + Passion Flower Capsules Organic,90 Capsules
VV-VITA-417,491.26,23.44,134.81,8,2,4932.30,3.05,591.00,151.82,Listing blocked,Omega 3 Gummies,60 Gummies
VV-VITA-264,471.84,20.28,0.00,19,0,5267.75,0.97,162.00,254.57,In stock,Mugwort Extract Capsules,180 Capsules
VV-VITA-121,427.42,22.97,0.00,15,0,5470.66,1.04,858.00,720.72,In stock,Female Harmony Complex Capsules,120 Capsules
VV-VITA-295,407.33,19.52,0.00,39,0,2300.86,1.03,34.00,49.11,In stock,Sugar Balance Complex Capsules,120 Capsules
VV-VITA-202,399.87,25.66,0.00,41,0,1843.40,0.71,578.00,1083.75,In stock,Multivitamin Junior Spray,25 ml
VV-VITA-395,387.39,21.72,0.00,25,0,4910.24,1.07,1607.00,2812.25,In stock,Zinc Bisglycinate Capsules,300 Capsules
CW-KVIN-V39Y,324.12,17.10,0.00,17,0,5273.27,1.30,-2.00,-1.04,Physical,D-Mannose Powder,250G
VV-VITA-371,290.08,22.74,0.00,21,0,2955.78,0.94,464.00,464.00,In stock,Nattokinase Capsules,180 Capsules
VV-VITA-57-V2,282.55,13.77,0.00,15,0,3387.22,0.61,143.00,235.53,In stock,Hyaluronic Acid Capsules,90 Capsules
VV-VITA-318,264.20,16.44,0.00,22,0,2446.56,1.15,300.00,233.33,In stock,Garlic Plus Capsules,90 Capsules
VV-VITA-39,243.98,13.50,470.02,13,9,7027.02,1.66,1725.00,700.00,In stock,D-Mannose Complex Capsules,120 Capsules
VV-VITA-198,241.98,15.54,0.00,9,0,5482.47,1.65,63.00,49.00,In stock,Bromelain Capsules,120 Capsules
VV-VITA-354,237.48,12.43,0.00,12,0,7418.92,1.66,1069.00,1301.39,In stock,Mushroom Complex Capsules Organic,90 Capsules
VV-VITA-403,234.77,14.27,757.14,8,14,8640.90,2.22,0.00,0.00,Physical,Magnesium Citrate Powder,500 g
VV-VITA-190,216.50,13.44,0.00,22,0,1713.22,1.15,93.00,46.50,In stock,Papaya Extract Capsules Organic,120 Capsules
VV-VITA-346,215.90,19.00,0.00,20,0,593.20,0.64,96.00,128.00,In stock,Chromium Plus Capsules,90 Capsules
VV-VITA-338,212.48,11.93,0.00,14,0,6230.27,1.31,306.00,225.47,In stock,Turmeric Capsules Organic,120 Capsules
VV-VITA-385,204.13,13.12,0.00,18,0,1487.87,0.56,1361.00,3742.75,In stock,Evening Primrose Oil Capsules,120 Capsules
VV-VITA-349,183.67,11.40,0.00,25,0,841.86,1.00,333.00,259.00,In stock,Fenugreek Capsules Organic,120 Capsules
VV-VITA-157,170.49,14.30,0.00,9,0,3867.70,1.62,798.00,432.25,In stock,Hawthorn Extract Capsules Organic,60 Capsules
VV-VITA-258,167.19,10.02,0.00,11,0,3269.71,0.78,77.00,86.24,In stock,Flaxseed Oil Capsules Organic,120 Capsules
VV-VITA-171,150.28,5.93,0.00,7,0,9636.42,1.69,286.00,216.43,In stock,Vision Care Complex Capsules,120 Capsules
VV-VITA-02,124.43,7.87,0.00,9,0,1677.60,0.92,51.00,51.00,In stock,Milk Thistle Extract Capsules,120 Capsules
VV-VITA-379,112.01,7.33,0.00,8,0,5802.86,2.02,1234.00,822.67,In stock,Glucosamine Plus Capsules,120 Capsules
VV-VITA-378,111.25,8.75,0.00,14,0,997.56,0.38,242.00,564.67,In stock,Brewer's Yeast Capsules,120 Capsules
VV-VITA-168,99.67,5.26,0.00,3,0,3867.75,1.60,14.00,8.91,In stock,Sun Care Complex Capsules,180 Capsules
BJ-E223-8EKW,76.78,3.01,0.00,3,0,11332.90,1.68,18757.00,9549.02,In stock,Moringa Oleifera Capsules Organic,270 Capsules
VV-VITA-413,47.47,1.87,0.00,3,0,766.06,0.75,424.00,791.47,In stock,Q10 Capsules,120 Capsules
VV-VITA-129,43.08,2.40,0.00,4,0,1235.96,0.64,88.00,164.27,In stock,Ginger Organic Capsules,120 Capsules
VV-VITA-307,25.56,1.80,0.00,3,0,1150.87,0.64,319.00,223.30,In stock,Vitamin B3 Capsules,180 Capsules
VV-VITA-294,0.00,0.00,0.00,0,0,0.00,,0.00,,Pre-launch,Artichoke and Black Radish Extracts Capsules Organic,Default Title
VV-VITA-277,0.00,0.00,0.00,0,0,2626.28,0.79,548.00,639.33,In stock,Vitamin B12 Junior Spray,25 ml
VV-VITA-284,0.00,0.00,0.00,0,0,2739.07,0.65,107.00,124.83,In stock,Chaga Extract Capsules Organic,90 Capsules
VV-VITA-274,0.00,0.00,0.00,0,0,0.00,,346.00,,Pre-launch,Cysti-Aid Capsules,120 Capsules
VV-VITA-259,0.00,0.00,0.00,0,0,7323.20,1.22,126.00,113.81,In stock,Mushroom Mix Complex Capsules,120 Capsules
VV-VITA-265,0.00,0.00,0.00,0,0,0.00,,170.00,,Pre-launch,Ginkgo + Ginseng Extract Capsules,120 Capsules
VV-VITA-266,0.00,0.00,0.00,0,0,0.00,,-10.00,,Pre-launch,Moringa Oleifera Tablets Organic,180 Tablets
VV-VITA-247,0.00,0.00,0.00,0,0,6596.22,1.40,84.00,65.33,In stock,Astaxanthin Oil Capsules,60 Capsules
VV-VITA-236,0.00,0.00,0.00,0,0,0.00,,0.00,,Pre-launch,Maca Extrakt,Default Title
VV-VITA-227,0.00,0.00,0.00,0,0,0.00,,0.00,,Pre-launch,Evening Primrose Oil & Borage Seed Capsules Organic,90 Capsules
VV-VITA-225,0.00,0.00,0.00,0,0,6533.26,1.42,1395.00,549.55,In stock,Shilajit Extract Capsules,90 Capsules
VV-VITA-166,0.00,0.00,0.00,0,0,2386.79,0.75,836.00,590.12,In stock,Triphala Capsules Organic,180 Capsules
VV-VITA-160,0.00,0.00,0.00,0,0,0.00,,0.00,,Pre-launch,L-Arginine Plus Capsules,180 Capsules
VV-VITA-188,0.00,0.00,0.00,0,0,2333.14,0.85,60.00,92.31,In stock,Stinging Nettle Capsules Organic,120 Capsules
VV-VITA-189,0.00,0.00,0.00,0,0,2372.99,0.55,263.00,409.11,In stock,Rosehip Capsules Organic,180 Capsules
VV-VITA-207,0.00,0.00,0.00,0,0,3852.50,1.21,2009.00,1687.56,In stock,Astragalus Extract Capsules Organic,120 Capsules
VV-VITA-181,0.00,0.00,0.00,0,0,0.00,,0.00,,Pre-launch,Sage Extract Capsules Organic,120 Capsules
VV-VITA-170,0.00,0.00,0.00,0,0,3637.41,0.98,301.00,301.00,In stock,Vitamin B3 (Nicotinamide) Capsules,180 Capsules
VV-VITA-165,0.00,0.00,0.00,0,0,5869.40,0.99,1126.00,2101.87,In stock,Resveratrol Plus Capsules,60 Capsules
VV-VITA-104,0.00,0.00,0.00,0,0,603.91,0.79,1066.00,2487.33,In stock,Echinacea Purpurea Extract Capsules,120 Capsules
Regeneration_Set_3,0.00,0.00,0.00,0,0,0.00,,0.00,,Pre-launch,Reboot Set,Default Title
Sunkissed-set,0.00,0.00,0.00,0,0,0.00,,0.00,,Pre-launch,Sunkissed Set,Default Title
VI-ZU99-SZ0B,0.00,0.00,0.00,0,0,3002.59,0.85,310.00,387.50,In stock,L-Tryptophan Capsules,120 Capsules
VV-ALO-06,0.00,0.00,0.00,0,0,17.90,,1023.00,,In stock,MSM Powder,1 kg / Container
NX-CVPF-VCEZ-NEU,0.00,0.00,0.00,0,0,0.00,,0.00,,Pre-launch,,
Performance_Push_Set_3,0.00,0.00,0.00,0,0,0.00,,0.00,,Pre-launch,Ready? Go! Set,Default Title
VV-VITA-115,0.00,0.00,0.00,0,0,346.64,,-10.00,-5.83,In stock,Pro Bio Junior Powder Organic,75 g
VV-VITA-116,0.00,0.00,0.00,0,0,3712.75,0.86,685.00,1065.56,In stock,Natural Iodine Organic Capsules,180 Capsules
VV-VITA-119-NEU2,0.00,0.00,0.00,0,0,0.00,,0.00,,Pre-launch,,
VV-VITA-136,0.00,0.00,0.00,0,0,3904.71,1.14,1260.00,840.00,In stock,Light Legs Complex Capsules,120 Capsules
Agility_Set_3,0.00,0.00,0.00,0,0,0.00,,0.00,,Pre-launch,Loosen Up Set,Default Title
2R-49NC-R697,0.00,0.00,0.00,0,0,17.90,,1014.00,,In stock,MSM Powder,1 kg / Pouch
Mental_Focus_Set_3,0.00,0.00,0.00,0,0,0.00,,0.00,,Pre-launch,Clever Mind Set,Default Title
Menopause_Set,0.00,0.00,0.00,0,0,0.00,,0.00,,Pre-launch,Menopause Set,Default Title
Immune_System_Set_3,0.00,0.00,0.00,0,0,0.00,,0.00,,Pre-launch,Shield Set,Default Title
Hormonal_Blanace_Set_3,0.00,0.00,0.00,0,0,0.00,,0.00,,Pre-launch,Inner Center Set,Default Title
Gut_Flora_Set,0.00,0.00,0.00,0,0,0.00,,0.00,,Pre-launch,Gut Flora Set,Default Title
General_Health_Set_3,0.00,0.00,0.00,0,0,0.00,,0.00,,Pre-launch,All-Rounder Set,Default Title
Everyday_Essentials_Set,0.00,0.00,0.00,0,0,0.00,,0.00,,Pre-launch,Everyday Essentials Set,Default Title
Energy_Set_3,0.00,0.00,0.00,0,0,0.00,,0.00,,Pre-launch,Full Battery Set,Default Title
Emotional_Balance_Set_3,0.00,0.00,0.00,0,0,0.00,,0.00,,Pre-launch,Peace of Mind Set,Default Title
Dreamcatcher_Set_3,0.00,0.00,0.00,0,0,0.00,,0.00,,Pre-launch,Dream Catcher Set,Default Title
Digestion_Health_Set_3,0.00,0.00,0.00,0,0,0.00,,0.00,,Pre-launch,Happy Gutfeeling Set,Default Title
Detox_Set_3,0.00,0.00,0.00,0,0,0.00,,0.00,,Pre-launch,Deep Clean Set,Default Title
Daily_Vegan_Set,0.00,0.00,0.00,0,0,0.00,,0.00,,Pre-launch,Daily Vegan Set,Default Title
Beauty_Set_3-0,0.00,0.00,0.00,0,0,0.00,,0.00,,Pre-launch,Beauty Elixir Set,Default Title
Active_Lifestyle_Set_3,0.00,0.00,0.00,0,0,0.00,,0.00,,Pre-launch,All Day Athlete Set,Default Title
NX-CVPF-VCEZ,0.00,0.00,0.00,0,0,5649.38,1.27,137.00,174.36,In stock,Reishi Extract Capsules,120 Capsules
VV-VITA-109,0.00,0.00,0.00,0,0,4226.91,0.96,16.00,14.45,In stock,Liver Active Complex Capsules,90 Capsules
VV-VITA-105,0.00,0.00,0.00,0,0,1196.28,0.64,99.00,198.00,In stock,Panax Ginseng Extract Capsules,120 Capsules
VV-VITA-101,0.00,0.00,0.00,0,0,7832.68,1.58,70.00,89.09,In stock,Rhodiola Rosea Extract Capsules,120 Capsules
VV-VITA-153,0.00,0.00,0.00,0,0,8474.48,1.88,132.00,97.26,In stock,Ashwagandha Capsules Organic,180 Capsules
VV-VITA-143,0.00,0.00,0.00,0,0,35.99,,3503.00,,In stock,Vitamin B12 Plus Capsules,180 Capsules
VV-VITA-332,0.00,0.00,0.00,0,0,0.00,,0.00,,Pre-launch,Men Multivitamin Complex Capsules,Default Title
VV-VITA-333,0.00,0.00,0.00,0,0,0.00,,0.00,,Pre-launch,Electrolyte Plus Capsules,120 Capsules
VV-VITA-335,0.00,0.00,0.00,0,0,0.00,,0.00,,Pre-launch,Brahmi + Hericium Capsules Organic,Default Title
VV-VITA-344,0.00,0.00,0.00,0,0,8869.09,2.24,153.00,63.00,In stock,Ashwagandha KSM-66 Extract Capsules Organic,180 Capsules
VV-VITA-343,0.00,0.00,0.00,1,0,477.75,1.79,0.00,0.00,Discontinued,Clorophyll Drops,60 ml
VV-VITA-342,0.00,0.00,1043.58,1,18,14286.16,2.50,770.00,326.67,In stock,Vitamin D3 + K2 Drops,31.5 ml
VV-VITA-340,0.00,0.00,0.00,0,0,0.00,,0.00,,Pre-launch,Milk Thistle Plus Capsules,120 Capsules
VV-VITA-337,0.00,0.00,0.00,0,0,44.37,,0.00,,In stock,Rocket Complex Capsules,60 Capsules
VV-VITA-319,0.00,0.00,0.00,0,0,1355.46,0.47,685.00,978.57,In stock,Chia Seed Oil Capsules Organic,120 Capsules
VV-VITA-322,0.00,0.00,0.00,0,0,0.00,,0.00,,Pre-launch,Potassium Capsules,Default Title
VV-VITA-31,0.00,0.00,0.00,0,0,4468.23,1.45,10.00,4.33,In stock,Papaya Enzyme Capsules,120 Capsules
VV-VITA-377,0.00,0.00,0.00,0,0,5542.78,1.68,645.00,547.27,In stock,Choline Bitartrate Capsules,120 Capsules
VV-VITA-376,0.00,0.00,0.00,0,0,2714.93,0.86,658.00,921.20,In stock,Griffonia Extract (5-HTP) Capsules,90 Capsules
VV-VITA-375,0.00,0.00,0.00,0,0,2780.88,0.62,283.00,566.00,In stock,Strong Bones Complex Tablets,180 Tablets
VV-VITA-374,0.00,0.00,0.00,1,0,1282.45,0.84,211.00,263.75,In stock,Psyllium Husks Organic,400 g
VV-VITA-373,0.00,0.00,0.00,0,0,793.23,1.64,-10.00,-35.00,Discontinued,Keto Power Complex Capsules,60 Capsules
VV-VITA-370,0.00,0.00,0.00,0,0,0.00,,0.00,,Pre-launch,Magnesium Bisglycinate Capsules,180 Capsules
VV-VITA-368,0.00,0.00,0.00,0,0,3212.65,0.96,214.00,260.52,In stock,L-Glutamine Powder,500 g
VV-VITA-369,0.00,0.00,0.00,0,0,1647.59,2.66,656.00,510.22,In stock,Glucomannan Capsules Organic,90 Capsules
VV-VITA-362,0.00,0.00,0.00,0,0,768.80,0.40,3044.00,5327.00,In stock,Echinacea Plus Capsules,120 Capsules
VV-VITA-365,0.00,0.00,0.00,0,0,1309.08,1.67,161.00,66.29,In stock,Apple Cider Vinegar Gummies,90 Gummies
VV-VITA-363,0.00,0.00,0.00,0,0,2166.00,0.94,688.00,722.40,In stock,Apple Cider Vinegar Complex Capsules,120 Capsules
VV-VITA-348,0.00,0.00,0.00,0,0,0.00,,0.00,,Pre-launch,Vegan Pregnancy Complex Capsules,Default Title
VV-VITA-358,0.00,0.00,0.00,0,0,1542.95,0.50,-5.00,-8.75,Discontinued,OPC Trio Capsules,120 Capsules
VV-VITA-359,0.00,0.00,0.00,0,0,3048.04,0.59,148.00,251.60,In stock,Red Yeast Rice Plus Capsules,120 Capsules
VV-VITA-360,0.00,0.00,0.00,0,0,0.00,,0.00,,Pre-launch,Caffeine Capsules,120 Capsules
VV-VITA-361,0.00,0.00,0.00,0,0,8743.88,2.39,1010.00,565.60,In stock,Rapunzel Complex Capsules,120 Capsules
VV-VITA-350,0.00,0.00,0.00,0,0,61.21,,-3.00,,In stock,FenoLact Complex Capsules,90 Capsules
VV-VITA-347,0.00,0.00,0.00,0,0,0.00,,0.00,,Pre-launch,B-Active Complex Capsules,90 Capsules
VV-VITA-314,0.00,0.00,0.00,0,0,41.81,,738.00,,In stock,Glycine Powder,1 kg
VV-VITA-316,0.00,0.00,0.00,0,0,2390.70,1.09,209.00,167.20,In stock,Ceylon Cinnamon Extract Capsules Organic,120 Capsules
VV-VITA-303,0.00,0.00,0.00,0,0,2530.26,0.92,17.00,19.04,In stock,Drenaflux Complex Capsules,120 Capsules
VV-VITA-331,0.00,0.00,0.00,0,0,752.98,0.43,0.00,0.00,Discontinued,Nootropic Pro Complex Capsules,90 Capsules
VV-VITA-327,0.00,0.00,0.00,0,0,0.00,,0.00,,Pre-launch,L-Carnitine Plus Capsules,120 Capsules
VV-VITA-326,0.00,0.00,0.00,0,0,4171.64,1.02,407.00,345.33,In stock,Griffonia Plus Capsules,90 Capsules
VV-VITA-389,0.00,0.00,0.00,0,0,6951.69,1.71,18.00,18.00,In stock,Prosta-X Complex Capsules,180 Capsules
VV-VITA-388,0.00,0.00,0.00,0,0,0.00,,-4.00,,Pre-launch,Glycine Powder,300 g
VV-VITA-387,0.00,0.00,0.00,0,0,3158.07,2.10,485.00,798.82,In stock,Youth Biotics Capsules,60 Capsules
VV-VITA-392,0.00,0.00,0.00,0,0,71.37,,164.00,,In stock,GABA Capsules,90 Capsules
VV-VITA-398,0.00,0.00,0.00,0,0,2733.89,1.27,513.00,414.35,In stock,Multivitamin Junior Gummies,60 Gummies
VV-VITA-384,0.00,0.00,0.00,0,0,0.00,,0.00,,Pre-launch,Beta Alanine Powder,500 g
VV-VITA-380,0.00,0.00,0.00,0,0,1179.59,0.77,627.00,1205.77,In stock,Party Hero Complex Tablets,60 Tablets
VV-VITA-383,0.00,0.00,0.00,0,0,1538.47,0.64,1707.00,1920.38,In stock,Vitamin K2 Tablets,180 Tablets
VV-VITA-409,0.00,0.00,0.00,0,0,0.00,,1425.00,,Pre-launch,Magnesium Citrate Capsules,180 Capsules
VV-VITA-408,0.00,0.00,278.08,0,23,1462.46,1.04,315.00,369.78,In stock,Gut Routine Powder,300 g
VV-VITA-406,0.00,0.00,0.00,0,0,0.00,,0.00,,Pre-launch,Vitamin B12 Tablets non DE,180 Tablets
VV-VITA-405,0.00,0.00,0.00,0,0,1634.14,0.95,116.00,143.29,In stock,Vitamin B12 Tablets,180 Tablets
VV-VITA-402,0.00,0.00,838.75,0,22,3472.37,0.77,437.00,322.00,In stock,Un-Bloat Capsules,120 Capsules
VV-VITA-404,0.00,0.00,0.00,0,0,0.00,,229.00,,Pre-launch,Sage Extract Capsules,120 Capsules
VV-VITA-400,0.00,0.00,0.00,0,0,357.24,1.00,401.00,401.00,In stock,Keto Power Complex Capsules,90 Capsules
VV-VITA-401,0.00,0.00,0.00,0,0,39.90,,708.00,,In stock,Vitex Agnus-Castus Capsules,240 Capsules
VV-VITA-394,0.00,0.00,0.00,0,0,2670.17,0.92,153.00,204.00,In stock,EAA Powder Peach,400 g
VV-VITA-393,0.00,0.00,0.00,0,0,613.25,1.00,833.00,833.00,In stock,BCAA Powder Mango,450 g
VV-VITA-399,0.00,0.00,0.00,0,0,403.20,0.81,129.00,322.50,In stock,Glucomannan Complex Capsules,180 Capsules
VV-VITA-411,0.00,0.00,0.00,0,0,1834.33,0.76,228.00,375.53,In stock,Digestive Enzymes Pro Capsules,120 Capsules
VV-VITA-412,0.00,0.00,0.00,0,0,172.51,,463.00,529.14,In stock,Lactase Tablets,180 Tablets
VV-VITA-414,0.00,0.00,0.00,0,0,203.99,0.53,574.00,1607.20,In stock,Hericium Capsules,180 Capsules
VV-VITA-415,0.00,0.00,0.00,0,0,157.95,0.50,355.00,710.00,In stock,PMS Capsules,120 Capsules
VV-VITA-410,0.00,0.00,0.00,0,0,861.76,0.47,1480.00,2762.67,In stock,OPC Capsules,240 Capsules
VV-VITA-426,0.00,0.00,0.00,0,0,0.00,,0.00,,Pre-launch,Hydration Powder,390 g
VV-VITA-425,0.00,0.00,0.00,0,0,0.00,,0.00,,Pre-launch,Pre-Workout Powder,350 g
VV-VITA-424,0.00,0.00,0.00,0,0,0.00,,0.00,,Pre-launch,Vitamin B6 Tablets,365 Tablets
VV-VITA-423,0.00,0.00,0.00,0,0,0.00,,0.00,,Pre-launch,Protein Vanilla Powder,600 g
VV-VITA-421,0.00,0.00,0.00,0,0,0.00,,0.00,,Pre-launch,Shilajit Resin,30 g
VV-VITA-422,0.00,0.00,0.00,0,0,0.00,,0.00,,Pre-launch,Protein Chocolate Powder,600 g
VV-VITA-420,0.00,0.00,0.00,0,0,0.00,,0.00,,Pre-launch,Shilajit Complex Capsules,90 Capsules
VV-VITA-418,0.00,0.00,0.00,0,0,0.00,,0.00,,Pre-launch,Folate Tablets,240 Tablets
VV-VITA-90,0.00,0.00,599.74,0,14,8407.35,4.88,2062.00,583.19,Listing blocked,Beta Carotene Capsules,180 Capsules
VV-VITA-63,0.00,0.00,0.00,0,0,4152.93,1.08,330.00,866.25,In stock,Cordyceps Sinensis Extract Capsules,120 Capsules
VV-VITA-99,0.00,0.00,0.00,0,0,0.00,,0.00,,Pre-launch,Vitamin D3 + K2 Spray,Default Title
Vegan_Basics_Set_3,0.00,0.00,0.00,0,0,0.00,,0.00,,Pre-launch,Everyday Vegan Set,Default Title
Vitality_Set_3,0.00,0.00,0.00,0,0,0.00,,0.00,,Pre-launch,Fountain of Youth Set,Default Title
femtastic_set,0.00,0.00,0.00,0,0,0.00,,0.00,,Pre-launch,Femtastic Set,Default Title
kind-T01-V001,0.00,0.00,0.00,0,0,0.00,,0.00,,Pre-launch,test titel vom produkt,100 stück
xxxxx-variant-test,0.00,0.00,0.00,0,0,0.00,,0.00,,Pre-launch,xxxx TEST,50 Capsules
